# ************************************************************
# Sequel Pro SQL dump
# Version 4541
#
# http://www.sequelpro.com/
# https://github.com/sequelpro/sequelpro
#
# Host: 127.0.0.1 (MySQL 5.7.16)
# Database: cati_clean
# Generation Time: 2016-11-29 00:34:44 +0000
# ************************************************************


/*!40101 SET @OLD_CHARACTER_SET_CLIENT=@@CHARACTER_SET_CLIENT */;
/*!40101 SET @OLD_CHARACTER_SET_RESULTS=@@CHARACTER_SET_RESULTS */;
/*!40101 SET @OLD_COLLATION_CONNECTION=@@COLLATION_CONNECTION */;
/*!40101 SET NAMES utf8 */;
/*!40014 SET @OLD_FOREIGN_KEY_CHECKS=@@FOREIGN_KEY_CHECKS, FOREIGN_KEY_CHECKS=0 */;
/*!40101 SET @OLD_SQL_MODE=@@SQL_MODE, SQL_MODE='NO_AUTO_VALUE_ON_ZERO' */;
/*!40111 SET @OLD_SQL_NOTES=@@SQL_NOTES, SQL_NOTES=0 */;


# Dump of table black_cards
# ------------------------------------------------------------

DROP TABLE IF EXISTS `black_cards`;

CREATE TABLE `black_cards` (
  `id` int(11) unsigned NOT NULL AUTO_INCREMENT,
  `text` varchar(255) CHARACTER SET utf8 COLLATE utf8_unicode_ci NOT NULL DEFAULT '',
  `deck_id` int(11) NOT NULL DEFAULT '0',
  `draw` int(11) NOT NULL DEFAULT '0',
  `pick` int(11) NOT NULL DEFAULT '1',
  PRIMARY KEY (`id`)
) ENGINE=MyISAM DEFAULT CHARSET=latin1;

LOCK TABLES `black_cards` WRITE;
/*!40000 ALTER TABLE `black_cards` DISABLE KEYS */;

INSERT INTO `black_cards` (`id`, `text`, `deck_id`, `draw`, `pick`)
VALUES
	(1,'____ + ____ = ____.',1,2,3),
	(2,'____ is a slippery slope that leads to ____.',1,0,2),
	(3,'____: Good to the last drop.',1,0,1),
	(4,'____: kid-tested, mother-approved.',1,0,1),
	(5,'____. Betcha can\'t have just one!',1,0,1),
	(6,'____. High five, bro.',1,0,1),
	(7,'____. It\'s a trap!',1,0,1),
	(8,'____. That\'s how I want to die.',1,0,1),
	(9,'A romantic, candlelit dinner would be incomplete without ____.',1,0,1),
	(10,'After the earthquake, Sean Penn brought ____ to the people of Haiti.',1,0,1),
	(11,'Alternative medicine is now embracing the curative powers of ____.',1,0,1),
	(12,'And the Academy Award for ____ goes to ____.',1,0,2),
	(13,'BILLY MAYS HERE FOR ____.',1,0,1),
	(14,'But before I kill you, Mr. Bond, I must show you ____.',1,0,1),
	(15,'Coming to Broadway this season, ____: The Musical.',1,0,1),
	(16,'Daddy, why is Mommy crying?',1,0,1),
	(17,'Dear Abby, I\'m having some trouble with ____ and would like your advice.',1,0,1),
	(18,'During his childhood, Salvador Dalí produced hundreds of paintings of ____.',1,0,1),
	(19,'During sex, I like to think about ____.',1,0,1),
	(20,'For my next trick, I will pull ____ out of ____.',1,0,2),
	(21,'Here is the church, Here is the steeple, Open the doors, And there is ____.',1,0,1),
	(22,'How am I maintaining my relationship status?',1,0,1),
	(23,'How did I lose my virginity?',1,0,1),
	(24,'I do not know with which weapons World War III will be fought, but World War IV will be fought with ____.',1,0,1),
	(25,'I drink to forget ____.',1,0,1),
	(26,'I got 99 problems but ____ ain\'t one.',1,0,1),
	(27,'I never truly understood ____ until I encountered ____.',1,0,2),
	(28,'I\'m sorry, Professor, but I couldn\'t complete my homework because of ____.',1,0,1),
	(29,'In 1,000 years, when paper money is a distant memory, how will we pay for goods and services?',1,0,1),
	(30,'In a world ravaged by ____, our only solace is ____.',1,0,2),
	(31,'In L.A. County Jail, word is you can trade 200 cigarettes for ____.',1,0,1),
	(32,'In M. Night Shyamalan\'s new movie, Bruce Willis discovers that ____ had really been ____ all along.',1,0,2),
	(33,'In Michael Jackson\'s final moments, he thought about ____.',1,0,1),
	(34,'In the new Disney Channel Original Movie, Hannah Montana struggles with ____ for the first time.',1,0,1),
	(35,'Instead of coal, Santa now gives the bad children ____.',1,0,1),
	(36,'It\'s a pity that kids these days are all getting involved with ____.',1,0,1),
	(37,'Life for American Indians was forever changed when the White Man introduced them to ____.',1,0,1),
	(38,'Lifetime® presents ____, the story of ____.',1,0,2),
	(39,'Major League Baseball has banned ____ for giving players an unfair advantage.',1,0,1),
	(40,'Make a haiku.',1,2,3),
	(41,'Maybe she\'s born with it. Maybe it\'s ____.',1,0,1),
	(42,'MTV\'s new reality show features eight washed-up celebrities living with ____.',1,0,1),
	(43,'Next from J.K. Rowling: Harry Potter and the Chamber of ____.',1,0,1),
	(44,'Next on ESPN2, the World Series of ____.',1,0,1),
	(45,'Rumor has it that Vladimir Putin\'s favorite delicacy is ____ stuffed with ____.',1,0,2),
	(46,'Step 1: ____. Step 2: ____. Step 3: Profit.',1,0,2),
	(47,'Studies show that lab rats navigate mazes 50% faster after being exposed to ____.',1,0,1),
	(48,'That\'s right, I killed ____. How, you ask? ____.',1,0,2),
	(49,'The class field trip was completely ruined by ____.',1,0,1),
	(50,'The Smithsonian Museum of Natural History has just opened an exhibit on ____.',1,0,1),
	(51,'This is the way the world ends  This is the way the world ends  Not with a bang but with ____.',1,0,1),
	(52,'TSA guidelines now prohibit ____ on airplanes.',1,0,1),
	(53,'War! What is it good for?',1,0,1),
	(54,'What am I giving up for Lent?',1,0,1),
	(55,'What are my parents hiding from me?',1,0,1),
	(56,'What did I bring back from Mexico?',1,0,1),
	(57,'What did the U.S. airdrop to the children of Afghanistan?',1,0,1),
	(58,'What did Vin Diesel eat for dinner?',1,0,1),
	(59,'What do old people smell like?',1,0,1),
	(60,'What does Dick Cheney prefer?',1,0,1),
	(61,'What don\'t you want to find in your Kung Pao chicken?',1,0,1),
	(62,'What ended my last relationship?',1,0,1),
	(63,'What gets better with age?',1,0,1),
	(64,'What gives me uncontrollable gas?',1,0,1),
	(65,'What helps Obama unwind?',1,0,1),
	(66,'What is Batman\'s guilty pleasure?',1,0,1),
	(67,'What never fails to liven up the party?',1,0,1),
	(68,'What will always get you laid?',1,0,1),
	(69,'What will I bring back in time to convince people that I am a powerful wizard?',1,0,1),
	(70,'What would grandma find disturbing, yet oddly charming?',1,0,1),
	(71,'What\'s a girl\'s best friend?',1,0,1),
	(72,'What\'s my anti-drug?',1,0,1),
	(73,'What\'s my secret power?',1,0,1),
	(74,'What\'s Teach for America using to inspire inner city students to succeed?',1,0,1),
	(75,'What\'s that smell?',1,0,1),
	(76,'What\'s that sound?',1,0,1),
	(77,'What\'s the most emo?',1,0,1),
	(78,'What\'s the new fad diet?',1,0,1),
	(79,'What\'s the next Happy Meal® toy?',1,0,1),
	(80,'What\'s the next superhero/sidekick duo?',1,0,2),
	(81,'What\'s there a ton of in heaven?',1,0,1),
	(82,'When I am a billionare, I shall erect a 50-foot statue to commemorate ____.',1,0,1),
	(83,'When I am the President of the United States, I will create the Department of ____.',1,0,1),
	(84,'When I was tripping on acid, ____ turned into ____.',1,0,2),
	(85,'When Pharaoh remained unmoved, Moses called down a plague of ____.',1,0,1),
	(86,'While the United States raced the Soviet Union to the moon, the Mexican government funneled millions of pesos into research on ____.',1,0,1),
	(87,'White people like ____.',1,0,1),
	(88,'Why am I sticky?',1,0,1),
	(89,'Why can\'t I sleep at night?',1,0,1),
	(90,'Why do I hurt all over?',1,0,1),
	(91,'An international tribunal has found ____ guilty of ____.',2,0,2),
	(92,'And I would have gotten away with it, too, if it hadn\'t been for ____!',2,0,1),
	(93,'Dear Sir or Madam, We regret to inform you that the Office of ____ has denied your request for ____.',2,0,2),
	(94,'He who controls ____ controls the world.',2,0,1),
	(95,'I learned the hard way that you can\'t cheer up a grieving friend with ____.',2,0,1),
	(96,'In a pinch, ____ can be a suitable substitute for ____.',2,0,2),
	(97,'In his new self-produced album, Kanye West raps over the sounds of ____.',2,0,1),
	(98,'In its new tourism campaign, Detroit proudly proclaims that it has finally eliminated ____.',2,0,1),
	(99,'In Rome, there are whisperings that the Vatican has a secret room devoted to ____.',2,0,1),
	(100,'In the distant future, historians will agree that ____ marked the beginning of America\'s decline.',2,0,1),
	(101,'Michael Bay\'s new three-hour action epic pits ____ against ____.',2,0,2),
	(102,'Science will never explain the origin of ____.',2,0,1),
	(103,'The CIA now interrogates enemy agents by repeatedly subjecting them to ____.',2,0,1),
	(104,'The socialist governments of Scandinavia have declared that access to ____ is a basic human right.',2,0,1),
	(105,'This season on Man vs. Wild, Bear Grylls must survive in the depths of the Amazon with only ____ and his wits.',2,0,1),
	(106,'What brought the orgy to a grinding halt?',2,0,1),
	(107,'What has been making life difficult at the nudist colony?',2,0,1),
	(108,'What\'s the gift that keeps on giving?',2,0,1),
	(109,'When all else fails, I can always masturbate to ____.',2,0,1),
	(110,'When I pooped, what came out of my butt?',2,0,1),
	(111,'____ would be woefully incomplete without ____.',3,0,2),
	(112,'After months of debate, the Occupy Wall Street General Assembly could only agree on \"More ____!\"',3,0,1),
	(113,'Before ____, all we had was ____.',3,0,2),
	(114,'Before I run for president, I must destroy all evidence of my involvement with ____.',3,0,1),
	(115,'Charades was ruined for me forever when my mom had to act out ____.',3,0,1),
	(116,'During his midlife crisis, my dad got really into ____.',3,0,1),
	(117,'Everyone down on the ground! We don\'t want to hurt anyone. We\'re just here for ____.',3,0,1),
	(118,'I spent my whole life working toward ____, only to have it ruined by ____.',3,0,2),
	(119,'I went from ____ to ____, all thanks to ____.',3,2,3),
	(120,'If God didn\'t want us to enjoy ____, he wouldn\'t have given us ____.',3,0,2),
	(121,'In his newest and most difficult stunt, David Blaine must escape from ____.',3,0,1),
	(122,'Little Miss Muffet Sat on a tuffet, Eating her curds and ____.',3,0,1),
	(123,'Members of New York\'s social elite are paying thousands of dollars just to experience ____.',3,0,1),
	(124,'My country, \'tis of thee, sweet land of ____.',3,0,1),
	(125,'My mom freaked out when she looked at my browser history and found ____.com/____.',3,0,2),
	(126,'My new favorite porn star is Joey \"____\" McGee.',3,0,1),
	(127,'Next time on Dr. Phil: How to talk to your child about ____.',3,0,1),
	(128,'Only two things in life are certain: death and ____.',3,0,1),
	(129,'The Five Stages of Grief: denial, anger, bargaining, ____, acceptance.',3,0,1),
	(130,'The healing process began when I joined a support group for victims of ____.',3,0,1),
	(131,'The votes are in, and the new high school mascot is ____.',3,0,1),
	(132,'This is your captain speaking. Fasten your seatbelts and prepare for ____.',3,0,1),
	(133,'This month\'s Cosmo: \"Spice up your sex life by bringing ____ into the bedroom.\"',3,0,1),
	(134,'Tonight on 20/20: What you don\'t know about ____ could kill you.',3,0,1),
	(135,'You haven\'t truly lived until you\'ve experienced ____ and ____ at the same time.',3,0,2),
	(136,'____. Awesome in theory, kind of a mess in practice.',4,0,1),
	(137,'____: Hours of fun. Easy to use. Perfect for ____!',4,0,2),
	(138,'A successful job interview begins with a firm handshake and ends with ____.',4,0,1),
	(139,'After months of practice with ____, I think I\'m finally ready for ____.',4,0,2),
	(140,'And what did you bring for show and tell?',4,0,1),
	(141,'As part of his contract, Prince won\'t perform without ____ in his dressing room.',4,0,1),
	(142,'As part of his daily regimen, Anderson Cooper sets aside 15 minutes for ____.',4,0,1),
	(143,'Call the law offices of Goldstein & Goldstein, because no one should have to tolerate ____ in the workplace.',4,0,1),
	(144,'During high school, I never really fit in until I found ____ club.',4,0,1),
	(145,'Finally! A service that delivers ____ right to your door.',4,0,1),
	(146,'Having problems with ____? Try ____!',4,0,2),
	(147,'Hey baby, come back to my place and I\'ll show you ____.',4,0,1),
	(148,'I\'m not like the rest of you. I\'m too rich and busy for ____.',4,0,1),
	(149,'In the seventh circle of Hell, sinners must endure ____ for all eternity.',4,0,1),
	(150,'Listen, son. If you want to get involved with ____, I won\'t stop you. Just steer clear of ____.',4,0,2),
	(151,'Lovin\' you is easy \'cause you\'re ____.',4,0,1),
	(152,'Money can\'t buy me love, but it can buy me ____.',4,0,1),
	(153,'My gym teacher got fired for adding ____ to the obstacle course.',4,0,1),
	(154,'My life is ruled by a vicious cycle of ____ and ____.',4,0,2),
	(155,'The blind date was going horribly until we discovered our shared interest in ____.',4,0,1),
	(156,'To prepare for his upcoming role, Daniel Day-Lewis immersed himself in the world of ____.',4,0,1),
	(157,'Turns out that ____-Man was neither the hero we needed nor wanted.',4,0,1),
	(158,'What left this stain on my couch?',4,0,1),
	(159,'When you get right down to it, ____ is just ____.',4,0,2),
	(160,'With enough time and pressure, ____ will turn into ____.',4,0,2),
	(161,'____ may pass, but ____ will last forever.',5,0,2),
	(162,'____ will never be the same after ____.',5,0,2),
	(163,'2 AM in the city that never sleeps. The door swings open and she walks in, legs up to here. Something in her eyes tells me she\'s looking for ____.',5,0,1),
	(164,'Adventure. Romance. ____. From Paramount Pictures, \"____.\"',5,0,2),
	(165,'Alright, bros. Our frat house is condemned, and all the hot slampieces are over at Gamma Phi. The time has come to commence Operation ____.',5,0,1),
	(166,'As king, how will I keep the peasants in line?',5,0,1),
	(167,'Dear Leader Kim Jong-un, our village praises your infinite wisdom with a humble offering of ____.',5,0,1),
	(168,'Do [italic]not[/italic] fuck with me! I am literally ____ right now.',5,0,1),
	(169,'Every step towards ____ gets me a little bit closer to ____.',5,0,2),
	(170,'Forget everything you know about ____, because we\'ve now supercharged it with ____!',5,0,2),
	(171,'Honey, I have a new role-play I want to try tonight! You can be ____, and I\'ll be ____.',5,0,2),
	(172,'How am I compensating for my tiny penis?',5,0,1),
	(173,'I am become ____, destroyer of ____!',5,0,2),
	(174,'I\'m pretty sure I\'m high right now, because I\'m absolutely mesmerized by ____.',5,0,1),
	(175,'I\'m sorry, sir, but we don\'t allow ____ at the country club.',5,0,1),
	(176,'If you can\'t handle ____, you\'d better stay away from ____.',5,0,2),
	(177,'In return for my soul, the Devil promised me ____, but all I got was ____.',5,0,2),
	(178,'In the beginning, there was ____. And the Lord said, \"Let there be ____.\"',5,0,2),
	(179,'It lurks in the night. It hungers for flesh. This summer, no one is safe from ____.',5,0,1),
	(180,'Man, this is bullshit. Fuck ____.',5,0,1),
	(181,'Oprah\'s book of the month is \"____ For ____: A Story of Hope.\"',5,0,2),
	(182,'She\'s up all night for good fun. I\'m up all night for ____.',5,0,1),
	(183,'The Japanese have developed a smaller, more efficient version of ____.',5,0,1),
	(184,'This is the prime of my life. I\'m young, hot, and full of ____.',5,0,1),
	(185,'This year\'s hottest album is \"____\" by ____.',5,0,2),
	(186,'We never did find ____, but along the way we sure learned a lot about ____.',5,0,2),
	(187,'Wes Anderson\'s new film tells the story of a precocious child coming to terms with ____.',5,0,1),
	(188,'What\'s fun until it gets weird?',5,0,1),
	(189,'You guys, I saw this crazy movie last night. It opens on ____, and then there\'s some stuff about ____, and then it ends with ____.',5,2,3),
	(190,'You\'ve seen the bearded lady! You\'ve seen the ring of fire! Now, ladies and gentlemen, feast your eyes upon ____!',5,0,1),
	(191,'And today\'s soup is Cream of ____.',6,0,1),
	(192,'Armani suit: $1,000. Dinner for two at that swanky restaurant: $300. The look on her face when you surprise her with ____: priceless.',6,0,1),
	(193,'Do the Dew® with our most extreme flavor yet! Get ready for Mountain Dew ____!',6,0,1),
	(194,'Do you lack energy? Does it sometimes feel like the whole world is ____? Zoloft®.',6,0,1),
	(195,'Don\'t forget! Beginning this week, Casual Friday will officially become \"____ Friday.\"',6,0,1),
	(196,'Get ready for the movie of the summer! One cop plays by the book. The other\'s only interested in one thing: ____.',6,0,1),
	(197,'Having the worst day EVER. #____',6,0,1),
	(198,'Heed my voice, mortals! I am the god of ____, and I will not tolerate ____!',6,0,2),
	(199,'Help me doctor, I\'ve got ____ in my butt!',6,0,1),
	(200,'Here at the Academy for Gifted Children, we allow students to explore ____ at their own pace.',6,0,1),
	(201,'Hi MTV! My name is Kendra, I live in Malibu, I\'m into ____, and I love to have a good time.',6,0,1),
	(202,'Hi, this is Jim from accounting. We noticed a $1,200 charge labeled \"____.\" Can you explain?',6,0,1),
	(203,'I don\'t mean to brag, but they call me the Michael Jordan of ____.',6,0,1),
	(204,'In his farewell address, George Washington famously warned Americans about the dangers of ____.',6,0,1),
	(205,'In his new action comedy, Jackie Chan must fend off ninjas while also dealing with ____.',6,0,1),
	(206,'Life\'s pretty tough in the fast lane. That\'s why I never leave the house without ____.',6,0,1),
	(207,'Now in bookstores: \"The Audacity of ____,\" by Barack Obama.',6,0,1),
	(208,'Patient presents ____. Likely a result of ____.',6,0,2),
	(209,'Well if ____ is good enough for ____, it\'s good enough for me.',6,0,2),
	(210,'Well what do you have to say for yourself, Casey? This is the third time you\'ve been sent to the principal\'s office for ____.',6,0,1),
	(211,'What killed my boner?',6,0,1),
	(212,'What\'s making things awkward in the sauna?',6,0,1),
	(213,'WHOOO! God damn I love ____!',6,0,1),
	(214,'Why am I broke?',6,0,1),
	(215,'Yo\' mama so fat she ____!',6,0,1);

/*!40000 ALTER TABLE `black_cards` ENABLE KEYS */;
UNLOCK TABLES;


# Dump of table card_decks
# ------------------------------------------------------------

DROP TABLE IF EXISTS `card_decks`;

CREATE TABLE `card_decks` (
  `id` int(11) unsigned NOT NULL AUTO_INCREMENT,
  `name` varchar(255) CHARACTER SET utf8 COLLATE utf8_unicode_ci NOT NULL DEFAULT '',
  PRIMARY KEY (`id`)
) ENGINE=MyISAM DEFAULT CHARSET=latin1;

LOCK TABLES `card_decks` WRITE;
/*!40000 ALTER TABLE `card_decks` DISABLE KEYS */;

INSERT INTO `card_decks` (`id`, `name`)
VALUES
	(1,'Main Deck'),
	(2,'First Expansion'),
	(3,'Second Expansion'),
	(4,'Third Expansion'),
	(5,'Fourth Expansion'),
	(6,'Fifth Expansion'),
	(7,'Developer\'s Deck'),
	(8,'NBS');

/*!40000 ALTER TABLE `card_decks` ENABLE KEYS */;
UNLOCK TABLES;


# Dump of table white_cards
# ------------------------------------------------------------

DROP TABLE IF EXISTS `white_cards`;

CREATE TABLE `white_cards` (
  `id` int(11) unsigned NOT NULL AUTO_INCREMENT,
  `text` varchar(255) COLLATE utf8_unicode_ci NOT NULL DEFAULT '',
  `deck_id` int(11) NOT NULL DEFAULT '0',
  PRIMARY KEY (`id`)
) ENGINE=MyISAM DEFAULT CHARSET=utf8 COLLATE=utf8_unicode_ci;

LOCK TABLES `white_cards` WRITE;
/*!40000 ALTER TABLE `white_cards` DISABLE KEYS */;

INSERT INTO `white_cards` (`id`, `text`, `deck_id`)
VALUES
	(1,'50,000 volts straight to the nipples.',1),
	(2,'72 virgins.',1),
	(3,'8 oz. of sweet Mexican black-tar heroin.',1),
	(4,'A bag of magic beans.',1),
	(5,'A balanced breakfast.',1),
	(6,'A bitch slap.',1),
	(7,'A bleached asshole.',1),
	(8,'A Bop It™.',1),
	(9,'A brain tumor.',1),
	(10,'A bucket of fish heads.',1),
	(11,'A can of whoop-ass.',1),
	(12,'A cooler full of organs.',1),
	(13,'A death ray.',1),
	(14,'A defective condom.',1),
	(15,'A disappointing birthday party.',1),
	(16,'A falcon with a cap on its head.',1),
	(17,'A fetus.',1),
	(18,'A foul mouth.',1),
	(19,'A gassy antelope.',1),
	(20,'A gentle caress of the inner thigh.',1),
	(21,'A good sniff.',1),
	(22,'A homoerotic volleyball montage.',1),
	(23,'A hot mess.',1),
	(24,'A lifetime of sadness.',1),
	(25,'A live studio audience.',1),
	(26,'A mating display.',1),
	(27,'A micropenis.',1),
	(28,'A micropig wearing a tiny raincoat and booties.',1),
	(29,'A middle-aged man on roller skates.',1),
	(30,'A mime having a stroke.',1),
	(31,'A monkey smoking a cigar.',1),
	(32,'A mopey zoo lion.',1),
	(33,'A murder most foul.',1),
	(34,'A pyramid of severed heads.',1),
	(35,'A really cool hat.',1),
	(36,'A robust mongoloid.',1),
	(37,'A sad handjob.',1),
	(38,'A salty surprise.',1),
	(39,'A sassy black woman.',1),
	(40,'A sausage festival.',1),
	(41,'A sea of troubles.',1),
	(42,'A snapping turtle biting the tip of your penis.',1),
	(43,'A spastic nerd.',1),
	(44,'A stray pube.',1),
	(45,'A subscription to Men\'s Fitness.',1),
	(46,'A Super Soaker™ full of cat pee.',1),
	(47,'A thermonuclear detonation.',1),
	(48,'A time travel paradox.',1),
	(49,'A tiny horse.',1),
	(50,'A tribe of warrior women.',1),
	(51,'A windmill full of corpses.',1),
	(52,'A zesty breakfast burrito.',1),
	(53,'Aaron Burr.',1),
	(54,'Active listening.',1),
	(55,'Actually taking candy from a baby.',1),
	(56,'Adderall™.',1),
	(57,'Advice from a wise, old black man.',1),
	(58,'African children.',1),
	(59,'Agriculture.',1),
	(60,'AIDS.',1),
	(61,'Alcoholism.',1),
	(62,'All-you-can-eat shrimp for $4.99.',1),
	(63,'Altar boys.',1),
	(64,'Amputees.',1),
	(65,'An asymmetric boob job.',1),
	(66,'An erection that lasts longer than four hours.',1),
	(67,'An icepick lobotomy.',1),
	(68,'An M. Night Shyamalan plot twist.',1),
	(69,'An M16 assault rifle.',1),
	(70,'An Oedipus complex.',1),
	(71,'An oversized lollipop.',1),
	(72,'An ugly face.',1),
	(73,'An uppercut.',1),
	(74,'Anal beads.',1),
	(75,'Another goddamn vampire movie.',1),
	(76,'Arnold Schwarzenegger.',1),
	(77,'Asians who aren\'t good at math.',1),
	(78,'Assless chaps.',1),
	(79,'Attitude.',1),
	(80,'Auschwitz.',1),
	(81,'Authentic Mexican cuisine.',1),
	(82,'Autocannibalism.',1),
	(83,'AXE Body Spray.',1),
	(84,'Balls.',1),
	(85,'Barack Obama.',1),
	(86,'BATMAN!!!',1),
	(87,'Battlefield amputations.',1),
	(88,'Bees?',1),
	(89,'Being a dick to children.',1),
	(90,'Being a motherfucking sorcerer.',1),
	(91,'Being fabulous.',1),
	(92,'Being fat and stupid.',1),
	(93,'Being marginalized.',1),
	(94,'Being on fire.',1),
	(95,'Being rich.',1),
	(96,'Bill Nye the Science Guy.',1),
	(97,'Bingeing and purging.',1),
	(98,'Bitches.',1),
	(99,'Black people.',1),
	(100,'Bling.',1),
	(101,'Boogers.',1),
	(102,'Breaking out into song and dance.',1),
	(103,'Britney Spears at 55.',1),
	(104,'Brown people.',1),
	(105,'Capturing Newt Gingrich and forcing him to dance in a monkey suit.',1),
	(106,'Cards Against Humanity.',1),
	(107,'Catapults.',1),
	(108,'Centaurs.',1),
	(109,'Chainsaws for hands.',1),
	(110,'Cheating in the Special Olympics.',1),
	(111,'Child beauty pageants.',1),
	(112,'Children on leashes.',1),
	(113,'Christopher Walken.',1),
	(114,'Chunks of dead prostitute.',1),
	(115,'Civilian casualties.',1),
	(116,'Classist undertones.',1),
	(117,'Coat hanger abortions.',1),
	(118,'Concealing a boner.',1),
	(119,'Consensual sex.',1),
	(120,'Copping a feel.',1),
	(121,'Count Chocula.',1),
	(122,'Crippling debt.',1),
	(123,'Crucifixion.',1),
	(124,'Crystal meth.',1),
	(125,'Cuddling.',1),
	(126,'Cybernetic enhancements.',1),
	(127,'Daddy issues.',1),
	(128,'Darth Vader.',1),
	(129,'Dead babies.',1),
	(130,'Dead parents.',1),
	(131,'Dental dams.',1),
	(132,'Destroying the evidence.',1),
	(133,'Dick Cheney.',1),
	(134,'Dick fingers.',1),
	(135,'Doin\' it in the butt.',1),
	(136,'Doing the right thing.',1),
	(137,'Domino\'s™ Oreo™ Dessert Pizza.',1),
	(138,'Drinking alone.',1),
	(139,'Dropping a chandelier on your enemies and riding the rope up.',1),
	(140,'Dry heaving.',1),
	(141,'Dying of dysentery.',1),
	(142,'Dying.',1),
	(143,'Eating all of the cookies before the AIDS bake-sale.',1),
	(144,'Eating the last known bison.',1),
	(145,'Edible underpants.',1),
	(146,'Elderly Japanese men.',1),
	(147,'Embryonic stem cells.',1),
	(148,'Emotions.',1),
	(149,'Erectile dysfunction.',1),
	(150,'Estrogen.',1),
	(151,'Ethnic cleansing.',1),
	(152,'Eugenics.',1),
	(153,'Exactly what you\'d expect.',1),
	(154,'Expecting a burp and vomiting on the floor.',1),
	(155,'Explosions.',1),
	(156,'Extremely tight pants.',1),
	(157,'Famine.',1),
	(158,'Fancy Feast®.',1),
	(159,'Farting and walking away.',1),
	(160,'Fear itself.',1),
	(161,'Feeding Rosie O\'Donnell.',1),
	(162,'Fiery poops.',1),
	(163,'Figgy pudding.',1),
	(164,'Finger painting.',1),
	(165,'Fingering.',1),
	(166,'Firing a rifle into the air while balls deep in a squealing hog.',1),
	(167,'Five-Dollar Footlongs™.',1),
	(168,'Flesh-eating bacteria.',1),
	(169,'Flightless birds.',1),
	(170,'Flying sex snakes.',1),
	(171,'Foreskin.',1),
	(172,'Former President George W. Bush.',1),
	(173,'Free samples.',1),
	(174,'Friction.',1),
	(175,'Friendly fire.',1),
	(176,'Friends with benefits.',1),
	(177,'Frolicking.',1),
	(178,'Full frontal nudity.',1),
	(179,'Funky fresh rhymes.',1),
	(180,'Gandhi.',1),
	(181,'Geese.',1),
	(182,'Genghis Khan.',1),
	(183,'Genital piercings.',1),
	(184,'German dungeon porn.',1),
	(185,'Getting drunk on mouthwash.',1),
	(186,'Getting married, having a few kids, buying some stuff, retiring to Florida, and dying.',1),
	(187,'Getting naked and watching Nickelodeon.',1),
	(188,'Getting really high.',1),
	(189,'Getting so angry that you pop a boner.',1),
	(190,'Ghosts.',1),
	(191,'Giving 110%.',1),
	(192,'Gloryholes.',1),
	(193,'Goblins.',1),
	(194,'God.',1),
	(195,'GoGurt®.',1),
	(196,'Golden showers.',1),
	(197,'Grandma.',1),
	(198,'Grave robbing.',1),
	(199,'Growing a pair.',1),
	(200,'Guys who don\'t call.',1),
	(201,'Half-assed foreplay.',1),
	(202,'Harry Potter erotica.',1),
	(203,'Heartwarming orphans.',1),
	(204,'Helplessly giggling at the mention of Hutus and Tutsis.',1),
	(205,'Her Majesty, Queen Elizabeth II.',1),
	(206,'Heteronormativity.',1),
	(207,'Historically black colleges.',1),
	(208,'Home video of Oprah sobbing into a Lean Cuisine®.',1),
	(209,'Homeless people.',1),
	(210,'Hope.',1),
	(211,'Hormone injections.',1),
	(212,'Horrifying laser hair removal accidents.',1),
	(213,'Horse meat.',1),
	(214,'Hospice care.',1),
	(215,'Hot cheese.',1),
	(216,'Hot people.',1),
	(217,'Hot Pockets®.',1),
	(218,'Hulk Hogan.',1),
	(219,'Hurricane Katrina.',1),
	(220,'Inappropriate yodeling.',1),
	(221,'Incest.',1),
	(222,'Italians.',1),
	(223,'Jerking off into a pool of children\'s tears.',1),
	(224,'Jewish fraternities.',1),
	(225,'John Wilkes Booth.',1),
	(226,'Judge Judy.',1),
	(227,'Justin Bieber.',1),
	(228,'Kamikaze pilots.',1),
	(229,'Kanye West.',1),
	(230,'Keanu Reeves.',1),
	(231,'Kids with ass cancer.',1),
	(232,'Lactation.',1),
	(233,'Lady Gaga.',1),
	(234,'Lance Armstrong\'s missing testicle.',1),
	(235,'Land mines.',1),
	(236,'Laying an egg.',1),
	(237,'Leaving an awkward voicemail.',1),
	(238,'Leprosy.',1),
	(239,'Licking things to claim them as your own.',1),
	(240,'Lockjaw.',1),
	(241,'Lumberjack fantasies.',1),
	(242,'Lunchables™.',1),
	(243,'Making a pouty face.',1),
	(244,'Man meat.',1),
	(245,'Masturbation.',1),
	(246,'Me time.',1),
	(247,'MechaHitler.',1),
	(248,'Men.',1),
	(249,'Menstrual rage.',1),
	(250,'Michael Jackson.',1),
	(251,'Michelle Obama\'s arms.',1),
	(252,'Morgan Freeman\'s voice.',1),
	(253,'Mouth herpes.',1),
	(254,'Mr. Clean, right behind you.',1),
	(255,'Muhammed (Praise Be Unto Him).',1),
	(256,'Multiple stab wounds.',1),
	(257,'Mutually-assured destruction.',1),
	(258,'My collection of high-tech sex toys.',1),
	(259,'My genitals.',1),
	(260,'My humps.',1),
	(261,'My inner demons.',1),
	(262,'My relationship status.',1),
	(263,'My sex life.',1),
	(264,'My soul.',1),
	(265,'My vagina.',1),
	(266,'Natalie Portman.',1),
	(267,'Natural male enhancement.',1),
	(268,'Natural selection.',1),
	(269,'Nazis.',1),
	(270,'Necrophilia.',1),
	(271,'New Age music.',1),
	(272,'Nickelback.',1),
	(273,'Nicolas Cage.',1),
	(274,'Nipple blades.',1),
	(275,'Not giving a shit about the Third World.',1),
	(276,'Not reciprocating oral sex.',1),
	(277,'Not wearing pants.',1),
	(278,'Obesity.',1),
	(279,'Object permanence.',1),
	(280,'Old-people smell.',1),
	(281,'One trillion dollars.',1),
	(282,'Oompa-Loompas.',1),
	(283,'Opposable thumbs.',1),
	(284,'Overcompensation.',1),
	(285,'Pabst Blue Ribbon.',1),
	(286,'Pac-Man uncontrollably guzzling cum.',1),
	(287,'Panda sex.',1),
	(288,'Parting the Red Sea.',1),
	(289,'Passable transvestites.',1),
	(290,'Passing a kidney stone.',1),
	(291,'Passive-aggressive Post-it notes.',1),
	(292,'Passive-agression.',1),
	(293,'Pedophiles.',1),
	(294,'Peeing a little bit.',1),
	(295,'Penis envy.',1),
	(296,'Picking up girls at the abortion clinic.',1),
	(297,'Pictures of boobs.',1),
	(298,'Pixelated bukkake.',1),
	(299,'Police brutality.',1),
	(300,'Pooping back and forth. Forever.',1),
	(301,'Poopy diapers.',1),
	(302,'Poor life choices.',1),
	(303,'Poor people.',1),
	(304,'Poorly-timed Holocaust jokes.',1),
	(305,'Porn stars.',1),
	(306,'Powerful thighs.',1),
	(307,'Prancing.',1),
	(308,'Praying the gay away.',1),
	(309,'Preteens.',1),
	(310,'Pretending to care.',1),
	(311,'Puberty.',1),
	(312,'Public ridicule.',1),
	(313,'Pulling out.',1),
	(314,'Puppies!',1),
	(315,'Queefing.',1),
	(316,'Racially-biased SAT questions.',1),
	(317,'Racism.',1),
	(318,'Raptor attacks.',1),
	(319,'Rehab.',1),
	(320,'Repression.',1),
	(321,'Republicans.',1),
	(322,'Riding off into the sunset.',1),
	(323,'Road head.',1),
	(324,'Robert Downey, Jr.',1),
	(325,'RoboCop.',1),
	(326,'Ronald Reagan.',1),
	(327,'Roofies.',1),
	(328,'Rush Limbaugh\'s soft, shitty body.',1),
	(329,'Same-sex ice dancing.',1),
	(330,'Sarah Palin.',1),
	(331,'Saxophone solos.',1),
	(332,'Scalping.',1),
	(333,'Science.',1),
	(334,'Scientology.',1),
	(335,'Scrubbing under the folds.',1),
	(336,'Sean Connery.',1),
	(337,'Sean Penn.',1),
	(338,'Self-loathing.',1),
	(339,'Seppuku.',1),
	(340,'Serfdom.',1),
	(341,'Sexting.',1),
	(342,'Sexual tension.',1),
	(343,'Sexy pillow fights.',1),
	(344,'Shapeshifters.',1),
	(345,'Shaquille O\'Neal\'s acting career.',1),
	(346,'Sharing needles.',1),
	(347,'Shiny objects.',1),
	(348,'Silence.',1),
	(349,'Skeletor.',1),
	(350,'Smallpox blankets.',1),
	(351,'Smegma.',1),
	(352,'Sniffing glue.',1),
	(353,'Some god-damn peace and quiet.',1),
	(354,'Soup that is too hot.',1),
	(355,'Spectacular abs.',1),
	(356,'Sperm whales.',1),
	(357,'Spontaneous human combustion.',1),
	(358,'Stalin.',1),
	(359,'Stephen Hawking talking dirty.',1),
	(360,'Stormtroopers.',1),
	(361,'Stranger danger.',1),
	(362,'Sunshine and rainbows.',1),
	(363,'Surprise sex!',1),
	(364,'Sweet, sweet vengeance.',1),
	(365,'Switching to Geico®.',1),
	(366,'Swooping.',1),
	(367,'Synergistic management solutions.',1),
	(368,'Take-backsies.',1),
	(369,'Taking off your shirt.',1),
	(370,'Tangled Slinkys.',1),
	(371,'Tasteful sideboob.',1),
	(372,'Teaching a robot to love.',1),
	(373,'Teenage pregnancy.',1),
	(374,'Tentacle porn.',1),
	(375,'Testicular torsion.',1),
	(376,'That thing that electrocutes your abs.',1),
	(377,'The American Dream.',1),
	(378,'The Amish.',1),
	(379,'The art of seduction.',1),
	(380,'The Big Bang.',1),
	(381,'The Blood of Christ.',1),
	(382,'The Boy Scouts of America.',1),
	(383,'The Care Bear Stare.',1),
	(384,'The Chinese gymnastics team.',1),
	(385,'The chronic.',1),
	(386,'The clitoris.',1),
	(387,'The Dance of the Sugar Plum Fairy.',1),
	(388,'The Devil himself.',1),
	(389,'The entire Mormon Tabernacle Choir.',1),
	(390,'The female orgasm.',1),
	(391,'The folly of man.',1),
	(392,'The Force.',1),
	(393,'The gays.',1),
	(394,'The glass ceiling.',1),
	(395,'The Great Depression.',1),
	(396,'The Hamburglar.',1),
	(397,'The hardworking Mexican.',1),
	(398,'The heart of a child.',1),
	(399,'The Holy Bible.',1),
	(400,'The homosexual agenda.',1),
	(401,'The Hustle.',1),
	(402,'The inevitable heat death of the universe.',1),
	(403,'The invisible hand.',1),
	(404,'The Jews.',1),
	(405,'The KKK.',1),
	(406,'The Kool-Aid Man.',1),
	(407,'The light of a billion suns.',1),
	(408,'The Little Engine That Could.',1),
	(409,'The Make-A-Wish® Foundation.',1),
	(410,'The milk man.',1),
	(411,'The miracle of childbirth.',1),
	(412,'The penny whistle solo from \"My Heart Will Go On.\"',1),
	(413,'The placenta.',1),
	(414,'The Pope.',1),
	(415,'The profoundly handicapped.',1),
	(416,'The Rapture.',1),
	(417,'The Rev. Dr. Martin Luther King, Jr.',1),
	(418,'The South.',1),
	(419,'The taint; the grundle; the fleshy fun-bridge.',1),
	(420,'The Tempur-Pedic® Swedish Sleep System™.',1),
	(421,'The terrorists.',1),
	(422,'The Three-Fifths compromise.',1),
	(423,'The token minority.',1),
	(424,'The Trail of Tears.',1),
	(425,'The true meaning of Christmas.',1),
	(426,'The Übermensch.',1),
	(427,'The Underground Railroad.',1),
	(428,'The violation of our most basic human rights.',1),
	(429,'The Virginia Tech Massacre.',1),
	(430,'The World of Warcraft.',1),
	(431,'Third base.',1),
	(432,'Throwing a virgin into a volcano.',1),
	(433,'Tickling Sean Hannity, even after he tells you to stop.',1),
	(434,'Tom Cruise.',1),
	(435,'Toni Morrison\'s vagina.',1),
	(436,'Two midgets shitting into a bucket.',1),
	(437,'Unfathomable stupidity.',1),
	(438,'Used panties.',1),
	(439,'Vehicular manslaughter.',1),
	(440,'Viagra®.',1),
	(441,'Vigilante justice.',1),
	(442,'Vigorous jazz hands.',1),
	(443,'Vikings.',1),
	(444,'Waiting \'til marriage.',1),
	(445,'Waking up half-naked in a Denny\'s parking lot.',1),
	(446,'Wearing underwear inside-out to avoid doing laundry.',1),
	(447,'Wet dreams.',1),
	(448,'When you fart and a little bit comes out.',1),
	(449,'Whipping it out.',1),
	(450,'White people.',1),
	(451,'White privilege.',1),
	(452,'Wifely duties.',1),
	(453,'William Shatner.',1),
	(454,'Winking at old people.',1),
	(455,'Wiping her butt.',1),
	(456,'Women in yogurt commercials.',1),
	(457,'Women\'s suffrage.',1),
	(458,'World peace.',1),
	(459,'Yeast.',1),
	(460,'YOU MUST CONSTRUCT ADDITIONAL PYLONS.',1),
	(461,'A beached whale.',2),
	(462,'A big black dick.',2),
	(463,'A bloody pacifier.',2),
	(464,'A crappy little hand.',2),
	(465,'A low standard of living.',2),
	(466,'A nuanced critique.',2),
	(467,'A passionate Latino lover.',2),
	(468,'A rival dojo.',2),
	(469,'A web of lies.',2),
	(470,'A woman scorned.',2),
	(471,'Apologizing.',2),
	(472,'Appreciative snapping.',2),
	(473,'Beating your wives.',2),
	(474,'Being a busy adult with many important things to do.',2),
	(475,'Being a dinosaur.',2),
	(476,'Bosnian chicken farmers.',2),
	(477,'Carnies.',2),
	(478,'Clams.',2),
	(479,'Coughing into a vagina.',2),
	(480,'Dancing with a broom.',2),
	(481,'Deflowering the princess.',2),
	(482,'Dorito breath.',2),
	(483,'Eating an albino.',2),
	(484,'Enormous Scandinavian women.',2),
	(485,'Fabricating statistics.',2),
	(486,'Finding a skeleton.',2),
	(487,'Gandalf.',2),
	(488,'Genetically engineered super-soldiers.',2),
	(489,'George Clooney\'s musk.',2),
	(490,'Getting abducted by Peter Pan.',2),
	(491,'Getting in her pants, politely.',2),
	(492,'Gladiatorial combat.',2),
	(493,'Good grammar.',2),
	(494,'Hipsters.',2),
	(495,'Historical revisionism.',2),
	(496,'Insatiable bloodlust.',2),
	(497,'Jafar.',2),
	(498,'Jean-Claude Van Damme.',2),
	(499,'Just the tip.',2),
	(500,'Leveling up.',2),
	(501,'Literally eating shit.',2),
	(502,'Mad hacky-sack skills.',2),
	(503,'Making the penises kiss.',2),
	(504,'Media coverage.',2),
	(505,'Medieval Times® Dinner & Tournament.',2),
	(506,'Moral ambiguity.',2),
	(507,'My machete.',2),
	(508,'Neil Patrick Harris.',2),
	(509,'Nubile slave boys.',2),
	(510,'Ominous background music.',2),
	(511,'One thousand Slim Jims.',2),
	(512,'Overpowering your father.',2),
	(513,'Panty raids.',2),
	(514,'Pistol-whipping a hostage.',2),
	(515,'Quiche.',2),
	(516,'Quivering jowls.',2),
	(517,'Revenge fucking.',2),
	(518,'Ripping into a man\'s chest and pulling out his still-beating heart.',2),
	(519,'Ryan Gosling riding in on a white horse.',2),
	(520,'Santa Claus.',2),
	(521,'Scrotum tickling.',2),
	(522,'Sexual humiliation.',2),
	(523,'Sexy Siamese twins.',2),
	(524,'Shaft.',2),
	(525,'Slow motion.',2),
	(526,'Space muffins.',2),
	(527,'Statistically validated stereotypes.',2),
	(528,'Sudden Poop Explosion Disease.',2),
	(529,'Suicidal thoughts.',2),
	(530,'The boners of the elderly.',2),
	(531,'The economy.',2),
	(532,'The Fanta® girls.',2),
	(533,'The four arms of Vishnu.',2),
	(534,'The Gulags.',2),
	(535,'The harsh light of day.',2),
	(536,'The hiccups.',2),
	(537,'The shambling corpse of Larry King.',2),
	(538,'Tripping balls.',2),
	(539,'Words, words, words.',2),
	(540,'Zeus\'s sexual appetites.',2),
	(541,'A 55-gallon drum of lube.',3),
	(542,'A bigger, blacker dick.',3),
	(543,'A Burmese tiger pit.',3),
	(544,'A dollop of sour cream.',3),
	(545,'A magic hippie love cloud.',3),
	(546,'A man in yoga pants with a ponytail and feather earrings.',3),
	(547,'A piñata full of scorpions.',3),
	(548,'A sad fat dragon with no friends.',3),
	(549,'A slightly shittier parallel universe.',3),
	(550,'A soulful rendition of \"Ol\' Man River.\"',3),
	(551,'A squadron of moles wearing aviator goggles.',3),
	(552,'A sweaty, panting leather daddy.',3),
	(553,'A sweet spaceship.',3),
	(554,'All of this blood.',3),
	(555,'An army of skeletons.',3),
	(556,'An ether-soaked rag.',3),
	(557,'An unhinged ferris wheel rolling toward the sea.',3),
	(558,'Another shot of morphine.',3),
	(559,'Basic human decency.',3),
	(560,'Beefin\' over turf.',3),
	(561,'Being awesome at sex.',3),
	(562,'Boris the Soviet Love Hammer.',3),
	(563,'Bullshit.',3),
	(564,'Catastrophic urethral trauma.',3),
	(565,'Daddy\'s belt.',3),
	(566,'Death by Steven Seagal.',3),
	(567,'Dining with cardboard cutouts of the cast of \"Friends.\"',3),
	(568,'Double penetration.',3),
	(569,'Existing.',3),
	(570,'Fetal alcohol syndrome.',3),
	(571,'Finding Waldo.',3),
	(572,'Fuck Mountain.',3),
	(573,'Getting hilariously gang-banged by the Blue Man Group.',3),
	(574,'Grandpa\'s ashes.',3),
	(575,'Graphic violence, adult language, and some sexual content.',3),
	(576,'Hillary Clinton\'s death stare.',3),
	(577,'Intimacy problems.',3),
	(578,'Jeff Goldblum.',3),
	(579,'Living in a trashcan.',3),
	(580,'Loki, the trickster god.',3),
	(581,'Making a friend.',3),
	(582,'Me.',3),
	(583,'Mild autism.',3),
	(584,'Mooing.',3),
	(585,'My first kill.',3),
	(586,'Nunchuck moves.',3),
	(587,'Oncoming traffic.',3),
	(588,'One Ring to rule them all.',3),
	(589,'Power.',3),
	(590,'Pretty Pretty Princess Dress-Up Board Game®.',3),
	(591,'Pumping out a baby every nine months.',3),
	(592,'Rising from the grave.',3),
	(593,'Scrotal frostbite.',3),
	(594,'Some really fucked-up shit.',3),
	(595,'Special musical guest, Cher.',3),
	(596,'Spring break!',3),
	(597,'Subduing a grizzly bear and making her your wife.',3),
	(598,'Survivor\'s guilt.',3),
	(599,'Swiftly achieving orgasm.',3),
	(600,'Taking a man\'s eyes and balls out and putting his eyes where his balls go and then his balls in the eye holes.',3),
	(601,'The corporations.',3),
	(602,'The day the birds attacked.',3),
	(603,'The Google.',3),
	(604,'The grey nutrient broth that sustains Mitt Romney.',3),
	(605,'The human body.',3),
	(606,'The mere concept of Applebee\'s®.',3),
	(607,'The mixing of the races.',3),
	(608,'The new Radiohead album.',3),
	(609,'Tiny nipples.',3),
	(610,'Tongue.',3),
	(611,'Upgrading homeless people to mobile hotspots.',3),
	(612,'Weapons-grade plutonium.',3),
	(613,'Wearing an octopus for a hat.',3),
	(614,'Whining like a little bitch.',3),
	(615,'Whipping a disobedient slave.',3),
	(616,'A black male in his early 20s, last seen wearing a hoodie.',4),
	(617,'A boo-boo.',4),
	(618,'A botched circumcision.',4),
	(619,'A cat video so cute that your eyes roll back and your spine slides out of your anus.',4),
	(620,'A cop who is also a dog.',4),
	(621,'A greased-up Matthew McConaughey.',4),
	(622,'A lamprey swimming up the toilet and latching onto your taint.',4),
	(623,'A pile of squirming bodies.',4),
	(624,'A PowerPoint presentation.',4),
	(625,'A spontaneous conga line.',4),
	(626,'A surprising amount of hair.',4),
	(627,'A vagina that leads to another dimension.',4),
	(628,'Actually getting shot, for real.',4),
	(629,'All my friends dying.',4),
	(630,'An all-midget production of Shakespeare\'s Richard III.',4),
	(631,'An ass disaster.',4),
	(632,'An unstoppable wave of fire ants.',4),
	(633,'Bill Clinton, naked on a bearskin rug with a saxophone.',4),
	(634,'Blood farts.',4),
	(635,'Blowing some dudes in an alley.',4),
	(636,'Buying the right pants to be cool.',4),
	(637,'Chugging a lava lamp.',4),
	(638,'Cock.',4),
	(639,'Crying into the pages of Sylvia Plath.',4),
	(640,'Demonic possession.',4),
	(641,'Disco fever.',4),
	(642,'Drinking ten 5-hour ENERGYs® to get fifty continuous hours of energy.',4),
	(643,'Dying alone and in pain.',4),
	(644,'Eating Tom Selleck\'s mustache to gain his powers.',4),
	(645,'Filling every orifice with butterscotch pudding.',4),
	(646,'Fisting.',4),
	(647,'Flying robots that kill people.',4),
	(648,'Gay aliens.',4),
	(649,'Getting your dick stuck in a Chinese finger trap with another dick.',4),
	(650,'Girls that always be textin\'.',4),
	(651,'Going around punching people.',4),
	(652,'Having sex on top of a pizza.',4),
	(653,'Having shotguns for legs.',4),
	(654,'Indescribable loneliness.',4),
	(655,'Jumping out at people.',4),
	(656,'Letting everyone down.',4),
	(657,'Mufasa\'s death scene.',4),
	(658,'My manservant, Claude.',4),
	(659,'Not contributing to society in any meaningful way.',4),
	(660,'Not having sex.',4),
	(661,'Nothing.',4),
	(662,'Putting an entire peanut butter and jelly sandwich into the VCR.',4),
	(663,'Reverse cowgirl.',4),
	(664,'Roland the Farter, flatulist to the king.',4),
	(665,'Running naked through a mall, pissing and shitting everywhere.',4),
	(666,'Samuel L. Jackson.',4),
	(667,'Screaming like a maniac.',4),
	(668,'Self-flagellation.',4),
	(669,'Shutting the fuck up.',4),
	(670,'Slapping a racist old lady.',4),
	(671,'Sneezing, farting, and coming at the same time.',4),
	(672,'Some douche with an acoustic guitar.',4),
	(673,'Some kind of bird-man.',4),
	(674,'Spending lots of money.',4),
	(675,'That ass.',4),
	(676,'The entire Internet.',4),
	(677,'The Harlem Globetrotters.',4),
	(678,'The Land of Chocolate.',4),
	(679,'The moist, demanding chasm of his mouth.',4),
	(680,'The primal, ball-slapping sex your parents are having right now.',4),
	(681,'The Quesadilla Explosion Salad™ from Chili\'s®.',4),
	(682,'The systematic destruction of an entire people and their way of life.',4),
	(683,'The thin veneer of situational causality that underlies porn.',4),
	(684,'The way white people is.',4),
	(685,'Three months in the hole.',4),
	(686,'Unlimited soup, salad, and breadsticks.',4),
	(687,'Velcro®.',4),
	(688,'Vietnam flashbacks.',4),
	(689,'Vomiting mid-blowjob.',4),
	(690,'Warm, velvety muppet sex.',4),
	(691,'10 Incredible Facts About the Anus.',5),
	(692,'A bunch of idiots playing a card game instead of interacting like normal humans.',5),
	(693,'A dance move that\'s just sex.',5),
	(694,'A fart.',5),
	(695,'A for-real lizard that spits blood from its eyes.',5),
	(696,'A gender identity that can only be conveyed through slam poetry.',5),
	(697,'A hopeless amount of spiders.',5),
	(698,'A horse with no legs.',5),
	(699,'A kiss on the lips.',5),
	(700,'A manhole.',5),
	(701,'A Native American who solves crimes by going into the spirit world.',5),
	(702,'A sex comet from Neptune that plunges the Earth into eternal sexiness.',5),
	(703,'A sex goblin with a carnival penis.',5),
	(704,'A shiny rock that proves I love you.',5),
	(705,'A Ugandan warlord.',5),
	(706,'Actual mutants with medical conditions and no superpowers.',5),
	(707,'Africa.',5),
	(708,'All the single ladies.',5),
	(709,'Almost giving money to a homeless person.',5),
	(710,'Ambiguous sarcasm.',5),
	(711,'An interracial handshake.',5),
	(712,'Angelheaded hipsters burning for the ancient heavenly connection to the starry dynamo in the machinery of night.',5),
	(713,'Ass to mouth.',5),
	(714,'Blackula.',5),
	(715,'Bouncing up and down.',5),
	(716,'Calculating every mannerism so as not to suggest homosexuality.',5),
	(717,'Child Protective Services.',5),
	(718,'Crazy opium eyes.',5),
	(719,'Dem titties.',5),
	(720,'Depression.',5),
	(721,'Doo-doo.',5),
	(722,'Drinking responsibly.',5),
	(723,'Exploding pigeons.',5),
	(724,'Falling into the toilet.',5),
	(725,'Finally finishing off the Indians.',5),
	(726,'Fucking a corpse back to life.',5),
	(727,'Grammar nazis who are also regular Nazis.',5),
	(728,'How awesome I am.',5),
	(729,'Injecting speed into one arm and horse tranquilizer into the other.',5),
	(730,'Interspecies marriage.',5),
	(731,'Jizz.',5),
	(732,'Khakis.',5),
	(733,'Lots and lots of abortions.',5),
	(734,'Moderate-to-severe joint pain.',5),
	(735,'My dad\'s dumb fucking face.',5),
	(736,'My sex dungeon.',5),
	(737,'My worthless son.',5),
	(738,'Neil Diamond\'s Greatest Hits.',5),
	(739,'No clothes on, penis in vagina.',5),
	(740,'Party Mexicans.',5),
	(741,'Prince Ali, fabulous he, Ali Ababwa.',5),
	(742,'Sharks with legs.',5),
	(743,'Smoking crack, for instance.',5),
	(744,'Snorting coke off a clown\'s boner.',5),
	(745,'Some sort of Asian.',5),
	(746,'Sports.',5),
	(747,'Stuffing a child\'s face with Fun Dip® until he starts having fun.',5),
	(748,'Sugar madness.',5),
	(749,'The complex geopolitical quagmire that is the Middle East.',5),
	(750,'The euphoric rush of strangling a drifter.',5),
	(751,'The peaceful and nonthreatening rise of China.',5),
	(752,'The safe word.',5),
	(753,'The secret formula for ultimate female satisfaction.',5),
	(754,'The size of my penis.',5),
	(755,'The tiniest shred of evidence that God is real.',5),
	(756,'Three consecutive seconds of happiness.',5),
	(757,'Unquestioning obedience.',5),
	(758,'What Jesus would do.',5),
	(759,'Whatever a McRib® is made of.',5),
	(760,'Whispering all sexy.',5),
	(761,'40 acres and a mule.',6),
	(762,'A crazy little thing called love.',6),
	(763,'A disappointing salad.',6),
	(764,'A face full of horse cum.',6),
	(765,'A giant powdery manbaby.',6),
	(766,'A mouthful of potato salad.',6),
	(767,'A one-way ticket to Gary, Indiana.',6),
	(768,'A powered exoskeleton.',6),
	(769,'A reason not to commit suicide.',6),
	(770,'A team of lawyers.',6),
	(771,'A whole new kind of porn.',6),
	(772,'A zero-risk way to make $2,000 from home.',6),
	(773,'AIDS monkeys.',6),
	(774,'All these decorative pillows.',6),
	(775,'An inability to form meaningful relationships.',6),
	(776,'An unforgettable quinceañera.',6),
	(777,'An uninterrupted history of imperialism and exploitation.',6),
	(778,'Anal fissures like you wouldn\'t believe.',6),
	(779,'Ancient Athenian boy-fucking.',6),
	(780,'Backwards knees.',6),
	(781,'Being nine years old.',6),
	(782,'Being paralyzed from the neck down.',6),
	(783,'Being worshipped as the one true God.',6),
	(784,'Blackface.',6),
	(785,'Blowjobs for everyone.',6),
	(786,'Boring vaginal sex.',6),
	(787,'Butt stuff.',6),
	(788,'Changing a person\'s mind with logic and facts.',6),
	(789,'Child support payments.',6),
	(790,'Cutting off a flamingo\'s legs with garden shears.',6),
	(791,'Daddy\'s credit card.',6),
	(792,'Deez nuts.',6),
	(793,'Denzel.',6),
	(794,'Doing the right stuff to her nipples.',6),
	(795,'Ejaculating live bees and the bees are angry.',6),
	(796,'Ennui.',6),
	(797,'Figuring out how to have sex with a dolphin.',6),
	(798,'Free ice cream, yo.',6),
	(799,'Genghis Khan\'s DNA.',6),
	(800,'Getting caught by the police and going to jail.',6),
	(801,'Getting drive-by shot.',6),
	(802,'Getting eaten alive by Guy Fieri.',6),
	(803,'Giant sperm from outer space.',6),
	(804,'Going to a high school reunion on ketamine.',6),
	(805,'Having been dead for a while.',6),
	(806,'Mom\'s new boyfriend.',6),
	(807,'My boyfriend\'s stupid penis.',6),
	(808,'My dead son\'s baseball glove.',6),
	(809,'My first period.',6),
	(810,'Not believing in giraffes.',6),
	(811,'Oil!',6),
	(812,'Out-of-this-world bazongas.',6),
	(813,'P.F. Chang himself.',6),
	(814,'Russian super-tuberculosis.',6),
	(815,'Seeing my village burned and my family slaughtered before my eyes.',6),
	(816,'Seeing things from Hitler\'s perspective.',6),
	(817,'September 11th, 2001.',6),
	(818,'Slowly easing down onto a cucumber.',6),
	(819,'Social justice warriors with flamethrowers of compassion.',6),
	(820,'Some shit-hot guitar licks.',6),
	(821,'The Abercrombie & Fitch lifestyle.',6),
	(822,'The basic suffering that pervades all of existence.',6),
	(823,'The black half of Barack Obama.',6),
	(824,'The eight gay warlocks who dictate the rules of fashion.',6),
	(825,'The ghost of Marlon Brando.',6),
	(826,'The passage of time.',6),
	(827,'The swim team, all at once.',6),
	(828,'The tiger that killed my father.',6),
	(829,'The unbelievable world of mushrooms.',6),
	(830,'The white half of Barack Obama.',6),
	(831,'Too much cocaine.',6),
	(832,'Unrelenting genital punishment.',6),
	(833,'Vegetarian options.',6),
	(834,'Wearing glasses and sounding smart.',6),
	(835,'Western standards of beauty.',6);

/*!40000 ALTER TABLE `white_cards` ENABLE KEYS */;
UNLOCK TABLES;



/*!40111 SET SQL_NOTES=@OLD_SQL_NOTES */;
/*!40101 SET SQL_MODE=@OLD_SQL_MODE */;
/*!40014 SET FOREIGN_KEY_CHECKS=@OLD_FOREIGN_KEY_CHECKS */;
/*!40101 SET CHARACTER_SET_CLIENT=@OLD_CHARACTER_SET_CLIENT */;
/*!40101 SET CHARACTER_SET_RESULTS=@OLD_CHARACTER_SET_RESULTS */;
/*!40101 SET COLLATION_CONNECTION=@OLD_COLLATION_CONNECTION */;
